Symbol , Sector , Sub-sector
20MICRONS , Basic Materials , Other Industrial Metals & Mining
21STCENMGM ,  , 
3IINFOTECH , Technology , Information Technology Services
3MINDIA , Industrials , Conglomerates
3PLAND ,  , 
5PAISA , Financial Services , Capital Markets
63MOONS ,  , 
8KMILES , Technology , Software-Application
A2ZINFRA , Industrials , Engineering & Construction
AARTIDRUGS , Healthcare , Drug Manufacturers-Specialty & Generic
AARTIIND , Basic Materials , Specialty Chemicals
AARVEEDEN , Consumer Cyclical , Textile Manufacturing
AAVAS , Financial Services , Mortgage Finance
ABAN , Energy , Oil & Gas Drilling
ABB , Industrials , Specialty Industrial Machinery
ABBOTINDIA , Healthcare , Drug Manufacturers-General
ABCAPITAL , Financial Services , Financial Conglomerates
ABFRL , Consumer Cyclical , Apparel Manufacturing
ABMINTLTD , Basic Materials , Specialty Chemicals
ACC , Basic Materials , Building Materials
ACCELYA , Technology , Information Technology Services
ACE , Industrials , Farm & Heavy Construction Machinery
ADANIENT , Energy , Thermal Coal
ADANIGAS , Utilities , Utilities-Regulated Gas
ADANIGREEN , Utilities , Utilities-Renewable
ADANIPORTS , Industrials , Marine Shipping
ADANIPOWER , Utilities , Utilities-Independent Power Producers
ADANITRANS , Utilities , Utilities-Regulated Electric
ADFFOODS , Consumer Defensive , Packaged Foods
ADHUNIKIND , Basic Materials , Steel
ADORWELD , Industrials , Specialty Industrial Machinery
ADROITINFO , Technology , Information Technology Services
ADSL , Technology , Information Technology Services
ADVANIHOTR , Consumer Cyclical , Lodging
ADVENZYMES , Basic Materials , Specialty Chemicals
AEGISCHEM , Energy , Oil & Gas Midstream
AFFLE , Communication Services , Advertising Agencies
AGARIND , Basic Materials , Specialty Chemicals
AGCNET , Technology , Software-Application
AGRITECH , Consumer Defensive , Farm Products
AGROPHOS , Basic Materials , Agricultural Inputs
AHLEAST , Consumer Cyclical , Lodging
AHLUCONT , Industrials , Engineering & Construction
AHLWEST , Consumer Cyclical , Lodging
AIAENG , Industrials , Specialty Industrial Machinery
AIONJSW , Basic Materials , Steel
AIRAN , Technology , Information Technology Services
AJANTPHARM , Healthcare , Drug Manufacturers-Specialty & Generic
AJMERA , Real Estate , Real Estate-Development
AKASH , Industrials , Engineering & Construction
AKSHARCHEM , Basic Materials , Specialty Chemicals
AKSHOPTFBR , Technology , Communication Equipment
AKZOINDIA , Basic Materials , Specialty Chemicals
ALANKIT , Technology , Information Technology Services
ALBERTDAVD , Healthcare , Drug Manufacturers-Specialty & Generic
ALCHEM , Industrials , Conglomerates
ALEMBICLTD , Industrials , Conglomerates
ALICON , Industrials , Metal Fabrication
ALKALI , Basic Materials , Specialty Chemicals
ALKEM , Healthcare , Drug Manufacturers-Specialty & Generic
ALKYLAMINE , Basic Materials , Specialty Chemicals
ALLCARGO , Industrials , Integrated Freight & Logistics
ALLSEC , Industrials , Specialty Business Services
ALMONDZ , Financial Services , Capital Markets
ALOKINDS , Consumer Cyclical , Textile Manufacturing
ALPA , Healthcare , Drug Manufacturers-Specialty & Generic
ALPHAGEO , Energy , Oil & Gas Equipment & Services
ALPSINDUS , Consumer Cyclical , Textile Manufacturing
AMARAJABAT , Consumer Cyclical , Auto Parts
AMBER , Technology , Consumer Electronics
AMBIKCO , Consumer Cyclical , Textile Manufacturing
AMBUJACEM , Basic Materials , Building Materials
AMDIND , Consumer Cyclical , Packaging & Containers
AMJLAND , Real Estate , Real Estate-Development
AMRUTANJAN , Healthcare , Drug Manufacturers-Specialty & Generic
ANANTRAJ , Real Estate , Real Estate-Development
ANDHRACEMT , Basic Materials , Building Materials
ANDHRAPAP , Basic Materials , Paper & Paper Products
ANDHRSUGAR , Basic Materials , Chemicals
ANIKINDS , Consumer Defensive , Food Distribution
ANKITMETAL , Basic Materials , Steel
ANSALAPI , Real Estate , Real Estate-Development
ANSALHSG , Real Estate , Real Estate-Development
ANUP , Industrials , Specialty Industrial Machinery
APARINDS , Industrials , Electrical Equipment & Parts
APCL , Basic Materials , Building Materials
APCOTEXIND , Basic Materials , Specialty Chemicals
APEX , Consumer Defensive , Farm Products
APLAPOLLO , Basic Materials , Steel
APLLTD , Healthcare , Drug Manufacturers-Specialty & Generic
APOLLO , Industrials , Aerospace & Defense
APOLLOHOSP , Healthcare , Medical Care Facilities
APOLLOPIPE , Industrials , Building Products & Equipment
APOLLOTYRE , Consumer Cyclical , Auto Parts
APOLSINHOT , Consumer Cyclical , Lodging
APTECHT , Consumer Defensive , Education & Training Services
ARCHIDPLY , Basic Materials , Lumber & Wood Production
ARCHIES , Consumer Cyclical , Specialty Retail
ARCOTECH , Industrials , Metal Fabrication
ARENTERP , Basic Materials , Other Industrial Metals & Mining
ARIES , Basic Materials , Agricultural Inputs
ARIHANT , Real Estate , Real Estate-Development
ARIHANTSUP , Real Estate , Real Estate-Development
ARMANFIN , Financial Services , Credit Services
AROGRANITE , Industrials , Building Products & Equipment
ARROWGREEN , Consumer Cyclical , Packaging & Containers
ARSHIYA , Industrials , Integrated Freight & Logistics
ARSSINFRA , Industrials , Infrastructure Operations
ARTEMISMED ,  , 
ARVIND , Consumer Cyclical , Textile Manufacturing
ARVINDFASN , Consumer Cyclical , Apparel Manufacturing
ARVSMART , Real Estate , Real Estate-Development
ASAHIINDIA , Consumer Cyclical , Auto Parts
ASAHISONG , Basic Materials , Specialty Chemicals
ASAL , Consumer Cyclical , Auto Parts
ASALCBR , Consumer Defensive , Beverages-Wineries & Distilleries
ASHAPURMIN , Basic Materials , Other Industrial Metals & Mining
ASHIANA , Real Estate , Real Estate-Development
ASHIMASYN , Consumer Cyclical , Textile Manufacturing
ASHOKA , Industrials , Engineering & Construction
ASHOKLEY , Consumer Cyclical , Auto Manufacturers
ASIANHOTNR , Consumer Cyclical , Lodging
ASIANPAINT , Basic Materials , Specialty Chemicals
ASIANTILES , Industrials , Building Products & Equipment
ASPINWALL , Consumer Defensive , Farm Products
ASTEC , Basic Materials , Agricultural Inputs
ASTERDM , Healthcare , Medical Care Facilities
ASTRAL , Industrials , Building Products & Equipment
ASTRAMICRO , Technology , Communication Equipment
ASTRAZEN , Healthcare , Drug Manufacturers-Specialty & Generic
ASTRON , Basic Materials , Paper & Paper Products
ATFL , Consumer Defensive , Packaged Foods
ATLANTA , Industrials , Infrastructure Operations
ATLASCYCLE , Consumer Cyclical , Leisure
ATNINTER , Financial Services , Capital Markets
ATUL , Basic Materials , Specialty Chemicals
ATULAUTO , Consumer Cyclical , Auto Manufacturers
AUBANK , Financial Services , Banks-Regional
AURIONPRO , Technology , Software-Infrastructure
AUROPHARMA , Healthcare , Drug Manufacturers-Specialty & Generic
AUSOMENT , Financial Services , Capital Markets
AUTOAXLES , Consumer Cyclical , Auto Parts
AUTOIND , Consumer Cyclical , Auto Parts
AUTOLITIND , Consumer Cyclical , Auto Parts
AVADHSUGAR , Consumer Defensive , Confectioners
AVANTIFEED , Consumer Defensive , Packaged Foods
AVTNPL , Basic Materials , Specialty Chemicals
AXISBANK , Financial Services , Banks-Regional
AXISCADES , Industrials , Engineering & Construction
AYMSYNTEX , Consumer Cyclical , Textile Manufacturing
BAFNAPH , Healthcare , Drug Manufacturers-Specialty & Generic
BAGFILMS , Communication Services , Broadcasting
BAJAJ-AUTO , Consumer Cyclical , Auto Manufacturers
BAJAJCON , Consumer Defensive , Household & Personal Products
BAJAJELEC , Utilities , Utilities-Independent Power Producers
BAJAJFINSV , Financial Services , Insurance-Diversified
BAJAJHIND , Consumer Defensive , Confectioners
BAJAJHLDNG , Financial Services , Asset Management
BAJFINANCE , Financial Services , Credit Services
BALAJITELE , Communication Services , Entertainment
BALAMINES , Basic Materials , Specialty Chemicals
BALAXI ,  , 
BALKRISHNA , Consumer Cyclical , Packaging & Containers
BALKRISIND , Consumer Cyclical , Auto Parts
BALLARPUR , Basic Materials , Paper & Paper Products
BALMLAWRIE , Industrials , Conglomerates
BALPHARMA , Healthcare , Drug Manufacturers-Specialty & Generic
BALRAMCHIN , Consumer Defensive , Confectioners
BANARBEADS , Consumer Cyclical , Footwear & Accessories
BANARISUG , Consumer Defensive , Confectioners
BANCOINDIA , Consumer Cyclical , Auto Parts
BANDHANBNK , Financial Services , Banks-Regional
BANG , Consumer Cyclical , Apparel Manufacturing
BANKBARODA , Financial Services , Banks-Regional
BANKINDIA , Financial Services , Banks-Regional
BANSWRAS , Consumer Cyclical , Textile Manufacturing
BARTRONICS , Technology , Information Technology Services
BASF , Basic Materials , Chemicals
BASML , Consumer Cyclical , Textile Manufacturing
BATAINDIA , Consumer Cyclical , Footwear & Accessories
BAYERCROP , Basic Materials , Agricultural Inputs
BBL , Industrials , Electrical Equipment & Parts
BBTC , Industrials , Conglomerates
BCG , Technology , Internet Information Providers
BCP , Industrials , Electrical Equipment & Parts
BDL , Industrials , Aerospace & Defense
BEARDSELL , Industrials , Building Products & Equipment
BEDMUTHA , Basic Materials , Steel
BEL , Industrials , Aerospace & Defense
BEML , Industrials , Specialty Industrial Machinery
BEPL , Basic Materials , Chemicals
BERGEPAINT , Basic Materials , Specialty Chemicals
BFINVEST , Financial Services , Asset Management
BFUTILITIE , Industrials , Engineering & Construction
BGRENERGY , Industrials , Engineering & Construction
BHAGERIA , Basic Materials , Specialty Chemicals
BHAGYANGR , Industrials , Electrical Equipment & Parts
BHAGYAPROP , Real Estate , Real Estate Services
BHANDARI , Consumer Cyclical , Apparel Manufacturing
BHARATFORG , Consumer Cyclical , Auto Parts
BHARATGEAR , Consumer Cyclical , Auto Parts
BHARATRAS , Basic Materials , Agricultural Inputs
BHARATWIRE , Basic Materials , Steel
BHARTIARTL , Communication Services , Telecom Services
BHEL , Industrials , Specialty Industrial Machinery
BIGBLOC , Industrials , Building Products & Equipment
BIL , Consumer Cyclical , Footwear & Accessories
BILENERGY , Industrials , Metal Fabrication
BINANIIND , Basic Materials , Building Materials
BINDALAGRO , Financial Services , Asset Management
BIOCON , Healthcare , Biotechnology
BIOFILCHEM , Healthcare , Drug Manufacturers-Specialty & Generic
BIRLACABLE , Technology , Communication Equipment
BIRLACORPN , Basic Materials , Building Materials
BIRLAMONEY , Financial Services , Capital Markets
BIRLATYRE , Consumer Cyclical , Auto Parts
BKMINDST , Consumer Cyclical , Packaging & Containers
BLBLIMITED , Financial Services , Capital Markets
BLISSGVS , Healthcare , Drug Manufacturers-Specialty & Generic
BLKASHYAP , Industrials , Engineering & Construction
BLS , Industrials , Specialty Business Services
BLUEBLENDS , Consumer Cyclical , Textile Manufacturing
BLUECHIP , Financial Services , Capital Markets
BLUECOAST , Consumer Cyclical , Lodging
BLUEDART , Industrials , Integrated Freight & Logistics
BLUESTARCO , Industrials , Specialty Industrial Machinery
BODALCHEM , Basic Materials , Specialty Chemicals
BOMDYEING , Real Estate , Real Estate Services
BORORENEW , Consumer Cyclical , Packaging & Containers
BOSCHLTD , Consumer Cyclical , Auto Parts
BPCL , Energy , Oil & Gas Refining & Marketing
BPL , Technology , Consumer Electronics
BRFL , Consumer Cyclical , Textile Manufacturing
BRIGADE , Real Estate , Real Estate-Development
BRITANNIA , Consumer Defensive , Packaged Foods
BRNL , Industrials , Infrastructure Operations
BROOKS , Healthcare , Drug Manufacturers-Specialty & Generic
BSE , Financial Services , Financial Data & Stock Exchanges
BSELINFRA , Real Estate , Real Estate-Development
BSL , Consumer Cyclical , Textile Manufacturing
BSOFT , Technology , Information Technology Services
BURNPUR , Basic Materials , Building Materials
BUTTERFLY , Technology , Consumer Electronics
BVCL , Basic Materials , Building Materials
BYKE , Consumer Cyclical , Lodging
CADILAHC , Healthcare , Drug Manufacturers-Specialty & Generic
CALSOFT , Technology , Software-Application
CAMLINFINE , Basic Materials , Specialty Chemicals
CANBK , Financial Services , Banks-Regional
CANDC , Industrials , Engineering & Construction
CANFINHOME , Financial Services , Mortgage Finance
CANTABIL , Consumer Cyclical , Apparel Manufacturing
CAPACITE , Industrials , Engineering & Construction
CAPLIPOINT , Healthcare , Drug Manufacturers-Specialty & Generic
CAPTRUST , Financial Services , Credit Services
CARBORUNIV , Industrials , Building Products & Equipment
CAREERP , Consumer Defensive , Education & Training Services
CARERATING , Financial Services , Financial Data & Stock Exchanges
CASTEXTECH , Consumer Cyclical , Auto Parts
CASTROLIND , Basic Materials , Specialty Chemicals
CCCL , Industrials , Engineering & Construction
CCHHL , Consumer Cyclical , Resorts & Casinos
CCL , Consumer Defensive , Packaged Foods
CDSL , Financial Services , Capital Markets
CEATLTD , Consumer Cyclical , Auto Parts
CEBBCO , Industrials , Railroads
CELEBRITY , Consumer Cyclical , Apparel Manufacturing
CENTENKA , Consumer Cyclical , Textile Manufacturing
CENTEXT , Basic Materials , Aluminum
CENTRALBK , Financial Services , Banks-Regional
CENTRUM , Financial Services , Capital Markets
CENTUM , Technology , Electronic Components
CENTURYPLY , Consumer Cyclical , Furnishings Fixtures & Appliances
CENTURYTEX , Basic Materials , Paper & Paper Products
CERA , Industrials , Building Products & Equipment
CEREBRAINT , Technology , Computer Hardware
CESC , Utilities , Utilities-Independent Power Producers
CESCVENT , Technology , Information Technology Services
CGCL , Financial Services , Credit Services
CGPOWER , Industrials , Electrical Equipment & Parts
CHALET , Consumer Cyclical , Lodging
CHAMBLFERT , Basic Materials , Agricultural Inputs
CHEMBOND , Basic Materials , Specialty Chemicals
CHEMFAB , Basic Materials , Specialty Chemicals
CHENNPETRO , Energy , Oil & Gas Refining & Marketing
CHOLAFIN , Financial Services , Credit Services
CHOLAHLDNG , Financial Services , Insurance-Diversified
CHROMATIC , Basic Materials , Specialty Chemicals
CIGNITITEC , Technology , Information Technology Services
CIMMCO , Industrials , Railroads
CINELINE , Real Estate , Real Estate Services
CINEVISTA , Communication Services , Entertainment
CIPLA , Healthcare , Drug Manufacturers-General
CKFSL , Financial Services , Credit Services
CLEDUCATE , Consumer Defensive , Education & Training Services
CLNINDIA , Basic Materials , Specialty Chemicals
CMICABLES , Industrials , Electrical Equipment & Parts
CNOVAPETRO , Consumer Cyclical , Textile Manufacturing
COALINDIA , Energy , Thermal Coal
COCHINSHIP , Industrials , Aerospace & Defense
COFFEEDAY , Consumer Cyclical , Restaurants
COLPAL , Consumer Defensive , Household & Personal Products
COMPINFO , Technology , Electronics & Computer Distribution
COMPUSOFT , Consumer Defensive , Education & Training Services
CONCOR , Industrials , Railroads
CONFIPET ,  , 
CONSOFINVT , Financial Services , Capital Markets
CONTROLPR , Industrials , Business Equipment & Supplies
CORALFINAC , Consumer Cyclical , Residential Construction
CORDSCABLE , Industrials , Electrical Equipment & Parts
COROMANDEL , Basic Materials , Agricultural Inputs
COSMOFILMS , Consumer Cyclical , Packaging & Containers
COUNCODOS , Real Estate , Real Estate-Development
COX&KINGS , Consumer Cyclical , Travel Services
CREATIVE , Technology , Electronics & Computer Distribution
CREATIVEYE , Communication Services , Entertainment
CREDITACC , Financial Services , Credit Services
CREST , Financial Services , Financial Conglomerates
CRISIL , Financial Services , Financial Data & Stock Exchanges
CROMPTON , Consumer Cyclical , Furnishings Fixtures & Appliances
CSBBANK , Financial Services , Banks-Regional
CTE , Technology , Information Technology Services
CUB , Financial Services , Banks-Regional
CUBEXTUB , Basic Materials , Copper
CUMMINSIND , Industrials , Specialty Industrial Machinery
CUPID , Consumer Defensive , Household & Personal Products
CYBERTECH , Technology , Information Technology Services
CYIENT , Industrials , Conglomerates
DAAWAT , Consumer Defensive , Packaged Foods
DABUR , Consumer Defensive , Household & Personal Products
DALBHARAT , Basic Materials , Building Materials
DALMIASUG , Consumer Defensive , Confectioners
DAMODARIND , Consumer Cyclical , Textile Manufacturing
DATAMATICS , Industrials , Specialty Business Services
DBCORP , Communication Services , Publishing
DBL , Industrials , Engineering & Construction
DBREALTY , Real Estate , Real Estate-Development
DBSTOCKBRO , Financial Services , Capital Markets
DCAL , Healthcare , Biotechnology
DCBBANK , Financial Services , Banks-Regional
DCM , Consumer Cyclical , Textile Manufacturing
DCMFINSERV , Financial Services , Credit Services
DCMNVL , Consumer Cyclical , Textile Manufacturing
DCMSHRIRAM , Basic Materials , Specialty Chemicals
DCW , Basic Materials , Chemicals
DECCANCE , Basic Materials , Building Materials
DEEPAKFERT , Basic Materials , Chemicals
DEEPAKNTR , Basic Materials , Chemicals
DEEPIND , Energy , Oil & Gas Equipment & Services
DELTACORP , Consumer Cyclical , Resorts & Casinos
DELTAMAGNT , Industrials , Specialty Industrial Machinery
DEN , Communication Services , Entertainment
DENORA , Industrials , Electrical Equipment & Parts
DFMFOODS , Consumer Defensive , Packaged Foods
DGCONTENT , Communication Services , Internet Content & Information
DHAMPURSUG , Consumer Defensive , Confectioners
DHANBANK , Financial Services , Banks-Regional
DHANUKA , Basic Materials , Agricultural Inputs
DHARSUGAR , Consumer Defensive , Confectioners
DHFL , Financial Services , Mortgage Finance
DHUNINV , Financial Services , Capital Markets
DIAMONDYD , Consumer Defensive , Packaged Foods
DIAPOWER , Industrials , Specialty Industrial Machinery
DICIND , Basic Materials , Specialty Chemicals
DIGISPICE , Technology , Information Technology Services
DIGJAMLTD , Consumer Cyclical , Textile Manufacturing
DISHTV , Communication Services , Entertainment
DIVISLAB , Healthcare , Drug Manufacturers-Specialty & Generic
DIXON , Technology , Consumer Electronics
DLF , Real Estate , Real Estate-Diversified
DLINKINDIA , Technology , Communication Equipment
DMART , Consumer Defensive , Discount Stores
DNAMEDIA , Communication Services , Publishing
DOLAT , Financial Services , Capital Markets
DOLLAR , Consumer Cyclical , Apparel Manufacturing
DOLPHINOFF , Energy , Oil & Gas Equipment & Services
DONEAR , Consumer Cyclical , Textile Manufacturing
DPSCLTD , Utilities , Utilities-Regulated Electric
DPWIRES , Industrials , Metal Fabrication
DQE , Communication Services , Entertainment
DREDGECORP , Industrials , Engineering & Construction
DRREDDY , Healthcare , Drug Manufacturers-Specialty & Generic
DSSL , Technology , Information Technology Services
DTIL , Consumer Defensive , Packaged Foods
DUCON , Industrials , Specialty Industrial Machinery
DVL , Financial Services , Capital Markets
DWARKESH , Consumer Defensive , Confectioners
DYNAMATECH , Consumer Cyclical , Auto Parts
DYNPRO , Basic Materials , Specialty Chemicals
EASTSILK , Consumer Cyclical , Textile Manufacturing
EASUNREYRL , Industrials , Specialty Industrial Machinery
EBIXFOREX , Financial Services , Capital Markets
ECLERX , Technology , Information Technology Services
EDELWEISS , Financial Services , Capital Markets
EDL , Consumer Defensive , Beverages-Brewers
EDUCOMP , Consumer Defensive , Education & Training Services
EICHERMOT , Consumer Cyclical , Auto Manufacturers
EIDPARRY , Consumer Defensive , Confectioners
EIHAHOTELS , Consumer Cyclical , Lodging
EIHOTEL , Consumer Cyclical , Lodging
EIMCOELECO , Industrials , Farm & Heavy Construction Machinery
EKC , Industrials , Specialty Industrial Machinery
ELECON , Industrials , Specialty Industrial Machinery
ELECTCAST , Basic Materials , Steel
ELECTHERM , Industrials , Metal Fabrication
ELGIEQUIP , Industrials , Specialty Industrial Machinery
ELGIRUBCO , Consumer Cyclical , Auto Parts
EMAMILTD , Consumer Defensive , Household & Personal Products
EMAMIPAP ,  , 
EMAMIREAL , Real Estate , Real Estate-Development
EMCO , Industrials , Specialty Industrial Machinery
EMKAY , Financial Services , Capital Markets
EMMBI , Consumer Cyclical , Packaging & Containers
ENDURANCE , Consumer Cyclical , Auto Parts
ENERGYDEV , Utilities , Utilities-Regulated Electric
ENGINERSIN , Industrials , Engineering & Construction
ENIL , Communication Services , Broadcasting
EON , Industrials , Specialty Industrial Machinery
EQUITAS , Financial Services , Credit Services
ERIS , Healthcare , Drug Manufacturers-Specialty & Generic
EROSMEDIA , Communication Services , Entertainment
ESABINDIA , Industrials , Tools & Accessories
ESCORTS , Industrials , Farm & Heavy Construction Machinery
ESSARSHPNG , Industrials , Marine Shipping
ESSELPACK , Consumer Cyclical , Packaging & Containers
ESTER , Basic Materials , Specialty Chemicals
EUROCERA , Industrials , Building Products & Equipment
EUROMULTI , Technology , Solar
EUROTEXIND , Consumer Cyclical , Textile Manufacturing
EVEREADY , Industrials , Electrical Equipment & Parts
EVERESTIND , Industrials , Building Products & Equipment
EXCEL , Industrials , Engineering & Construction
EXCELINDUS , Basic Materials , Specialty Chemicals
EXIDEIND , Consumer Cyclical , Auto Parts
EXPLEOSOL , Technology , Information Technology Services
FACT , Basic Materials , Agricultural Inputs
FAIRCHEM , Basic Materials , Specialty Chemicals
FCL , Basic Materials , Specialty Chemicals
FCONSUMER , Consumer Defensive , Food Distribution
FCSSOFT , Technology , Information Technology Services
FDC , Healthcare , Drug Manufacturers-Specialty & Generic
FEDERALBNK , Financial Services , Banks-Regional
FEL , Consumer Cyclical , Department Stores
FELDVR , Consumer Cyclical , Department Stores
FIEMIND , Consumer Cyclical , Auto Parts
FILATEX , Consumer Cyclical , Textile Manufacturing
FINCABLES , Industrials , Electrical Equipment & Parts
FINEORG , Basic Materials , Specialty Chemicals
FINPIPE , Industrials , Building Products & Equipment
FLEXITUFF , Consumer Cyclical , Textile Manufacturing
FLFL , Consumer Cyclical , Apparel Retail
FLUOROCHEM , Basic Materials , Chemicals
FMGOETZE , Consumer Cyclical , Auto Parts
FMNL , Real Estate , Real Estate Services
FORCEMOT , Consumer Cyclical , Auto Manufacturers
FORTIS , Healthcare , Medical Care Facilities
FOSECOIND , Basic Materials , Chemicals
FRETAIL , Consumer Cyclical , Department Stores
FSC , Industrials , Integrated Freight & Logistics
FSL , Technology , Information Technology Services
GABRIEL , Consumer Cyclical , Auto Parts
GAEL , Consumer Defensive , Packaged Foods
GAIL , Utilities , Utilities-Regulated Gas
GAL , Basic Materials , Steel
GALAXYSURF , Basic Materials , Specialty Chemicals
GALLANTT , Basic Materials , Steel
GALLISPAT , Basic Materials , Steel
GAMMNINFRA , Industrials , Infrastructure Operations
GANDHITUBE , Industrials , Metal Fabrication
GANECOS , Consumer Cyclical , Textile Manufacturing
GANESHHOUC , Real Estate , Real Estate-Development
GANGESSECU , Consumer Defensive , Packaged Foods
GARDENSILK , Consumer Cyclical , Textile Manufacturing
GARFIBRES , Consumer Cyclical , Textile Manufacturing
GATI , Industrials , Integrated Freight & Logistics
GAYAHWS , Industrials , Infrastructure Operations
GAYAPROJ , Industrials , Engineering & Construction
GBGLOBAL , Consumer Cyclical , Apparel Manufacturing
GDL , Industrials , Integrated Freight & Logistics
GEECEE , Real Estate , Real Estate-Development
GEEKAYWIRE , Industrials , Electrical Equipment & Parts
GENESYS , Technology , Software-Application
GENUSPAPER , Basic Materials , Paper & Paper Products
GENUSPOWER , Industrials , Electrical Equipment & Parts
GEOJITFSL , Financial Services , Capital Markets
GEPIL , Industrials , Engineering & Construction
GESHIP , Energy , Oil & Gas Midstream
GET&D , Industrials , Specialty Industrial Machinery
GFLLIMITED , Basic Materials , Chemicals
GFSTEELS , Basic Materials , Steel
GHCL , Basic Materials , Chemicals
GICHSGFIN , Financial Services , Mortgage Finance
GICRE , Financial Services , Insurance-Reinsurance
GILLANDERS , Industrials , Conglomerates
GILLETTE , Consumer Defensive , Household & Personal Products
GINNIFILA , Consumer Cyclical , Textile Manufacturing
GIPCL , Utilities , Utilities-Regulated Electric
GISOLUTION , Industrials , Engineering & Construction
GKWLIMITED , Industrials , Specialty Business Services
GLAXO , Healthcare , Drug Manufacturers-General
GLENMARK , Healthcare , Drug Manufacturers-Specialty & Generic
GLFL , Financial Services , Shell Companies
GLOBALVECT , Energy , Oil & Gas Equipment & Services
GLOBOFFS , Industrials , Marine Shipping
GLOBUSSPR , Consumer Defensive , Beverages-Wineries & Distilleries
GMBREW , Consumer Defensive , Beverages-Wineries & Distilleries
GMDCLTD , Energy , Thermal Coal
GMMPFAUDLR , Industrials , Specialty Industrial Machinery
GMRINFRA , Industrials , Airports & Air Services
GNA , Consumer Cyclical , Auto Parts
GNFC , Basic Materials , Chemicals
GOACARBON , Basic Materials , Specialty Chemicals
GOCLCORP ,  , 
GODFRYPHLP , Consumer Defensive , Tobacco
GODREJAGRO,Consumer Defensive,Farm Products
GODREJCP,Consumer Defensive,Household & Personal Products
GODREJIND,Industrials,Conglomerates
GODREJPROP,Real Estate,Real Estate—Diversified
GOENKA,Consumer Cyclical,Luxury Goods
GOKEX,Consumer Cyclical,Apparel Manufacturing
GOKUL,Consumer Defensive,Packaged Foods
GOKULAGRO,Consumer Defensive,Packaged Foods
GOLDENTOBC,Consumer Defensive,Tobacco
GOLDIAM,Consumer Cyclical,Luxury Goods
GOLDTECH,Technology,Information Technology Services
GOODLUCK,Industrials,Metal Fabrication
GPIL,Basic Materials,Steel
GPPL,Industrials,Marine Shipping
GPTINFRA,Industrials,Engineering & Construction
GRANULES,Healthcare,Drug Manufacturers—Specialty & Generic
GRAPHITE,Industrials,Specialty Industrial Machinery
GRASIM,Basic Materials,Building Materials
GRAVITA,Industrials,Metal Fabrication
GREAVESCOT,Industrials,Specialty Industrial Machinery
GREENLAM,Consumer Cyclical,"Furnishings Fixtures & Appliances"
GREENPANEL,Consumer Cyclical,"Furnishings Fixtures & Appliances"
GREENPLY,Basic Materials,Lumber & Wood Production
GREENPOWER,Utilities,Utilities—Independent Power Producers
GRINDWELL,Industrials,Building Products & Equipment
GROBTEA,Consumer Defensive,Farm Products
GRPLTD,Consumer Cyclical,Auto Parts
GRSE,Industrials,Aerospace & Defense
GSCLCEMENT,Basic Materials,Building Materials
GSFC,Basic Materials,Agricultural Inputs
GSPL,Utilities,Utilities—Regulated Gas
GSS,Technology,Information Technology Services
GTL,Technology,Information Technology Services
GTLINFRA,Technology,Communication Equipment
GTNIND,Consumer Cyclical,Textile Manufacturing
GTNTEX,Consumer Cyclical,Textile Manufacturing
GTPL,Communication Services,Entertainment
GUFICBIO,Healthcare,Drug Manufacturers—Specialty & Generic
GUJALKALI,Basic Materials,Chemicals
GUJAPOLLO,Industrials,Specialty Industrial Machinery
GUJGASLTD,Utilities,Utilities—Regulated Gas
GUJRAFFIA,,
GULFOILLUB,Basic Materials,Specialty Chemicals
GULFPETRO,Energy,Oil & Gas Refining & Marketing
GULPOLY,Basic Materials,Chemicals
GVKPIL,Industrials,Airports & Air Services
HAL,Industrials,Aerospace & Defense
HARITASEAT,Consumer Cyclical,Auto Parts
HARRMALAYA,Consumer Defensive,Farm Products
HATHWAY,Communication Services,Entertainment
HATSUN,Consumer Defensive,Packaged Foods
HAVELLS,Industrials,Electrical Equipment & Parts
HAVISHA,Consumer Cyclical,Lodging
HBLPOWER,Industrials,Electrical Equipment & Parts
HBSL,Financial Services,Capital Markets
HCC,Industrials,Engineering & Construction
HCG,Healthcare,Medical Care Facilities
HCL-INSYS,Technology,Electronics & Computer Distribution
HCLTECH,Technology,Information Technology Services
HDFC,Financial Services,Mortgage Finance
HDFCAMC,Financial Services,Asset Management
HDFCBANK,Financial Services,Banks—Regional
HDFCLIFE,Financial Services,Insurance—Life
HDIL,Real Estate,Real Estate—Diversified
HEG,Industrials,Electrical Equipment & Parts
HEIDELBERG,Basic Materials,Building Materials
HERCULES,Industrials,Specialty Industrial Machinery
HERITGFOOD,Consumer Defensive,Food Distribution
HEROMOTOCO,Consumer Cyclical,Auto Manufacturers
HESTERBIO,Healthcare,Drug Manufacturers—Specialty & Generic
HEXATRADEX,Industrials,Specialty Business Services
HEXAWARE,Technology,Information Technology Services
HFCL,Technology,Communication Equipment
HGINFRA,Industrials,Engineering & Construction
HGS,Industrials,Specialty Business Services
HIGHGROUND,Industrials,Engineering & Construction
HIKAL,Healthcare,Drug Manufacturers—Specialty & Generic
HIL,Industrials,Building Products & Equipment
HILTON,Industrials,Metal Fabrication
HIMATSEIDE,Consumer Cyclical,Textile Manufacturing
HINDALCO,Basic Materials,Aluminum
HINDCOMPOS,Consumer Cyclical,Auto Parts
HINDCOPPER,Basic Materials,Copper
HINDMOTORS,Consumer Cyclical,Auto Manufacturers
HINDNATGLS,Consumer Cyclical,Packaging & Containers
HINDOILEXP,Energy,Oil & Gas E&P
HINDPETRO,Energy,Oil & Gas Refining & Marketing
HINDUNILVR,Consumer Defensive,Household & Personal Products
HINDZINC,Basic Materials,Other Industrial Metals & Mining
HIRECT,Industrials,Electrical Equipment & Parts
HISARMETAL,Basic Materials,Steel
HITECH,Basic Materials,Steel
HITECHCORP,Consumer Cyclical,Packaging & Containers
HITECHGEAR,Consumer Cyclical,Auto Parts
HLVLTD,Consumer Cyclical,Lodging
HMT,Industrials,Farm & Heavy Construction Machinery
HMVL,Communication Services,Publishing
HNDFDS,Consumer Defensive,Packaged Foods
HONAUT,Industrials,Specialty Industrial Machinery
HONDAPOWER,Industrials,Specialty Industrial Machinery
HOTELRUGBY,Financial Services,Shell Companies
HOVS,Technology,Information Technology Services
HPL,Industrials,Electrical Equipment & Parts
HSCL,Basic Materials,Chemicals
HSIL,Industrials,Building Products & Equipment
HTMEDIA,Communication Services,Publishing
HUBTOWN,Real Estate,Real Estate—Development
HUDCO,Financial Services,Credit Services
IBREALEST,Real Estate,Real Estate—Development
IBULHSGFIN,Financial Services,Mortgage Finance
IBULISL,Real Estate,Real Estate—Diversified
IBVENTURES,Financial Services,Capital Markets
ICICIBANK,Financial Services,Banks—Regional
ICICIGI,Financial Services,Insurance—Diversified
ICICIPRULI,Financial Services,Insurance—Life
ICIL,Consumer Cyclical,Textile Manufacturing
ICRA,Financial Services,Financial Data & Stock Exchanges
IDBI,Financial Services,Banks—Regional
IDEA,Communication Services,Telecom Services
IDFC,Financial Services,Credit Services
IDFCFIRSTB,Financial Services,Banks—Regional
IEX,Financial Services,Capital Markets
IFBAGRO,Consumer Defensive,Beverages—Wineries & Distilleries
IFBIND,Technology,Consumer Electronics
IFCI,Financial Services,Credit Services
IFGLEXPOR,Basic Materials,Building Materials
IGARASHI,Consumer Cyclical,Auto Parts
IGL,Utilities,Utilities—Regulated Gas
IGPL,Basic Materials,Specialty Chemicals
IIFL,Financial Services,Capital Markets
IIFLSEC,Financial Services,Capital Markets
IIFLWAM,Financial Services,Asset Management
IITL,Financial Services,Insurance—Life
IL&FSENGG,Industrials,Engineering & Construction
IL&FSTRANS,Industrials,Infrastructure Operations
IMAGICAA,Communication Services,Entertainment
IMFA,Basic Materials,Steel
IMPAL,Consumer Cyclical,Auto Parts
IMPEXFERRO,Basic Materials,Other Industrial Metals & Mining
INDBANK,Financial Services,Capital Markets
INDHOTEL,Consumer Cyclical,Lodging
INDIACEM,Basic Materials,Building Materials
INDIAGLYCO,Basic Materials,Chemicals
INDIAMART,Communication Services,Internet Content & Information
INDIANB,Financial Services,Banks—Regional
INDIANCARD,Consumer Cyclical,Textile Manufacturing
INDIANHUME,Industrials,Engineering & Construction
INDIGO,Industrials,Airlines
INDLMETER,Industrials,Specialty Industrial Machinery
INDNIPPON,Consumer Cyclical,Auto Parts
INDOCO,Healthcare,Drug Manufacturers—Specialty & Generic
INDORAMA,Consumer Cyclical,Textile Manufacturing
INDOSOLAR,Technology,Solar
INDOSTAR,Financial Services,Credit Services
INDOTECH,Industrials,Electrical Equipment & Parts
INDOTHAI,Financial Services,Capital Markets
INDOWIND,Utilities,Utilities—Independent Power Producers
INDRAMEDCO,Healthcare,Medical Care Facilities
INDSWFTLAB,Healthcare,Drug Manufacturers—Specialty & Generic
INDSWFTLTD,Healthcare,Drug Manufacturers—Specialty & Generic
INDTERRAIN,Consumer Cyclical,Apparel Manufacturing
INDUSINDBK,Financial Services,Banks—Regional
INEOSSTYRO,Basic Materials,Chemicals
INFIBEAM,Technology,Software—Infrastructure
INFOBEAN,Technology,Software—Application
INFOMEDIA,Financial Services,Shell Companies
INFRATEL,Communication Services,Telecom Services
INFY,Technology,Information Technology Services
INGERRAND,Industrials,Specialty Industrial Machinery
INOXLEISUR,Communication Services,Entertainment
INOXWIND,Industrials,Specialty Industrial Machinery
INSECTICID,Basic Materials,Agricultural Inputs
INSPIRISYS,Technology,Information Technology Services
INTEGRA,Consumer Cyclical,Apparel Manufacturing
INTELLECT,Technology,Information Technology Services
INTENTECH,Technology,Software—Application
INVENTURE,Financial Services,Capital Markets
IOB,Financial Services,Banks—Regional
IOC,Energy,Oil & Gas Refining & Marketing
IOLCP,Healthcare,Drug Manufacturers—Specialty & Generic
IPCALAB,Healthcare,Drug Manufacturers—Specialty & Generic
IRB,Industrials,Infrastructure Operations
IRCON,Industrials,Engineering & Construction
IRCTC,Industrials,Railroads
ISEC,Financial Services,Capital Markets
ISFT,Consumer Cyclical,Internet Retail
ISMTLTD,Basic Materials,Steel
ITC,Consumer Defensive,Tobacco
ITDC,Consumer Cyclical,Lodging
ITDCEM,Industrials,Engineering & Construction
ITI,Technology,Communication Equipment
IVC,Financial Services,Financial Conglomerates
IVP,Basic Materials,Specialty Chemicals
IZMO,Technology,Software—Application
J&KBANK,Financial Services,Banks—Regional
JAGRAN,Communication Services,Publishing
JAGSNPHARM,Healthcare,Drug Manufacturers—Specialty & Generic
JAIBALAJI,Basic Materials,Steel
JAICORPLTD,Basic Materials,Specialty Chemicals
JAIHINDPRO,Industrials,Engineering & Construction
JAINSTUDIO,Communication Services,Broadcasting
JAMNAAUTO,Consumer Cyclical,Auto Parts
JASH,Industrials,Specialty Industrial Machinery
JAYAGROGN,Basic Materials,Specialty Chemicals
JAYBARMARU,Consumer Cyclical,Auto Parts
JAYNECOIND,Basic Materials,Steel
JAYSREETEA,Consumer Defensive,Farm Products
JBCHEPHARM,Healthcare,Drug Manufacturers—Specialty & Generic
JBFIND,Consumer Cyclical,Textile Manufacturing
JBMA,Consumer Cyclical,Auto Parts
JCHAC,Technology,Consumer Electronics
JETAIRWAYS,Industrials,Airlines
JHS,Consumer Defensive,Household & Personal Products
JIKIND,Consumer Cyclical,"Furnishings Fixtures & Appliances"
JINDALPHOT,Financial Services,Asset Management
JINDALPOLY,Basic Materials,Specialty Chemicals
JINDALSAW,Basic Materials,Steel
JINDALSTEL,Basic Materials,Steel
JINDRILL,Energy,Oil & Gas Equipment & Services
JINDWORLD,Consumer Cyclical,Textile Manufacturing
JISLDVREQS,Industrials,Farm & Heavy Construction Machinery
JISLJALEQS,Industrials,Farm & Heavy Construction Machinery
JITFINFRA,Industrials,Integrated Freight & Logistics
JIYAECO,Basic Materials,Specialty Chemicals
JKCEMENT,Basic Materials,Building Materials
JKIL,Industrials,Engineering & Construction
JKLAKSHMI,Basic Materials,Building Materials
JKPAPER,Basic Materials,Paper & Paper Products
JKTYRE,Consumer Cyclical,Auto Parts
JMA,Consumer Cyclical,Auto Parts
JMCPROJECT,Industrials,Engineering & Construction
JMFINANCIL,Financial Services,Capital Markets
JMTAUTOLTD,Consumer Cyclical,Auto Parts
JOCIL,Basic Materials,Specialty Chemicals
JPASSOCIAT,Industrials,Conglomerates
JPINFRATEC,Industrials,Infrastructure Operations
JPOLYINVST,Financial Services,Asset Management
JPPOWER,Utilities,Utilities—Independent Power Producers
JSL,Basic Materials,Steel
JSLHISAR,Basic Materials,Steel
JSWENERGY,Utilities,Utilities—Independent Power Producers
JSWHL,Industrials,Conglomerates
JSWSTEEL,Basic Materials,Steel
JTEKTINDIA,Consumer Cyclical,Auto Parts
JUBILANT,Healthcare,Drug Manufacturers—Specialty & Generic
JUBLFOOD,Consumer Cyclical,Restaurants
JUBLINDS,Basic Materials,Specialty Chemicals
JUMPNET,Technology,Electronics & Computer Distribution
JUSTDIAL,Communication Services,Internet Content & Information
JVLAGRO,Consumer Defensive,Packaged Foods
JYOTHYLAB,Consumer Defensive,Household & Personal Products
JYOTISTRUC,Industrials,Specialty Industrial Machinery
KABRAEXTRU,Industrials,Specialty Industrial Machinery
KAJARIACER,Industrials,Building Products & Equipment
KAKATCEM,Basic Materials,Building Materials
KALPATPOWR,Industrials,Engineering & Construction
KALYANI,,
KALYANIFRG,Consumer Cyclical,Auto Parts
KAMATHOTEL,Consumer Cyclical,Lodging
KAMDHENU,Basic Materials,Steel
KANANIIND,Consumer Cyclical,Luxury Goods
KANORICHEM,Basic Materials,Chemicals
KANSAINER,Basic Materials,Specialty Chemicals
KARDA,Real Estate,Real Estate—Development
KARMAENG,Utilities,Utilities—Renewable
KARURVYSYA,Financial Services,Banks—Regional
KAUSHALYA,Industrials,Engineering & Construction
KAYA,Consumer Defensive,Household & Personal Products
KCP,Basic Materials,Building Materials
KCPSUGIND,Consumer Defensive,Confectioners
KDDL,Consumer Cyclical,Luxury Goods
KEC,Industrials,Engineering & Construction
KECL,Industrials,Specialty Industrial Machinery
KEI,Industrials,Electrical Equipment & Parts
KELLTONTEC,Technology,Software—Application
KENNAMET,Industrials,Specialty Industrial Machinery
KERNEX,Technology,Software—Application
KESORAMIND,Basic Materials,Building Materials
KEYFINSERV,Financial Services,Capital Markets
KGL,Consumer Defensive,Farm Products
KHADIM,Consumer Cyclical,Footwear & Accessories
KHANDSE,Financial Services,Capital Markets
KICL,Financial Services,Asset Management
KILITCH,Healthcare,Drug Manufacturers—General
KINGFA,Basic Materials,Specialty Chemicals
KIOCL,Basic Materials,Steel
KIRIINDUS,Basic Materials,Specialty Chemicals
KIRLFER,Industrials,Metal Fabrication
KIRLOSBROS,Industrials,Specialty Industrial Machinery
KIRLOSENG,Industrials,Specialty Industrial Machinery
KIRLOSIND,Industrials,Metal Fabrication
KITEX,Consumer Cyclical,Apparel Manufacturing
KKCL,Consumer Cyclical,Apparel Manufacturing
KMSUGAR,Consumer Defensive,Confectioners
KNRCON,Industrials,Engineering & Construction
KOHINOOR,Consumer Defensive,Packaged Foods
KOKUYOCMLN,Industrials,Business Equipment & Supplies
KOLTEPATIL,Real Estate,Real Estate—Development
KOPRAN,Healthcare,Drug Manufacturers—General
KOTAKBANK,Financial Services,Banks—Regional
KOTARISUG,Consumer Defensive,Confectioners
KOTHARIPET,Basic Materials,Specialty Chemicals
KOTHARIPRO,Industrials,Conglomerates
KPITTECH,Technology,Information Technology Services
KPRMILL,Consumer Cyclical,Apparel Manufacturing
KRBL,Consumer Defensive,Packaged Foods
KREBSBIO,Healthcare,Drug Manufacturers—Specialty & Generic
KRIDHANINF,Basic Materials,Steel
KRISHANA,Basic Materials,Agricultural Inputs
KSB,Industrials,Specialty Industrial Machinery
KSCL,Consumer Defensive,Farm Products
KSERASERA,Communication Services,Entertainment
KSK,Utilities,Utilities—Regulated Electric
KSL,Basic Materials,Steel
KTKBANK,Financial Services,Banks—Regional
KUANTUM,Basic Materials,Paper & Paper Products
KWALITY,Consumer Defensive,Packaged Foods
L&TFH,Financial Services,Credit Services
LAKPRE,Industrials,Tools & Accessories
LAKSHVILAS,Financial Services,Banks—Regional
LALPATHLAB,Healthcare,Diagnostics & Research
LAMBODHARA,Consumer Cyclical,Textile Manufacturing
LAOPALA,Consumer Cyclical,"Furnishings Fixtures & Appliances"
LASA,Healthcare,Drug Manufacturers—Specialty & Generic
LAURUSLABS,Healthcare,Drug Manufacturers—Specialty & Generic
LAXMIMACH,Industrials,Specialty Industrial Machinery
LEMONTREE,Consumer Cyclical,Lodging
LFIC,Financial Services,Asset Management
LGBBROSLTD,Consumer Cyclical,Auto Parts
LGBFORGE,Industrials,Metal Fabrication
LIBAS,Consumer Cyclical,Apparel Manufacturing
LIBERTSHOE,Consumer Cyclical,Footwear & Accessories
LICHSGFIN,Financial Services,Mortgage Finance
LINCOLN,Healthcare,Drug Manufacturers—Specialty & Generic
LINCPEN,Industrials,Business Equipment & Supplies
LINDEINDIA,Basic Materials,Specialty Chemicals
LOKESHMACH,Industrials,Specialty Industrial Machinery
LOTUSEYE,Healthcare,Medical Care Facilities
LOVABLE,Consumer Cyclical,Apparel Manufacturing
LPDC,Real Estate,Real Estate Services
LSIL,Industrials,Specialty Industrial Machinery
LT,Industrials,Engineering & Construction
LTI,Technology,Information Technology Services
LTTS,Technology,Information Technology Services
LUMAXIND,Consumer Cyclical,Auto Parts
LUMAXTECH,Consumer Cyclical,Auto Parts
LUPIN,Healthcare,Drug Manufacturers—Specialty & Generic
LUXIND,Consumer Cyclical,Apparel Manufacturing
LYKALABS,Healthcare,Biotechnology
LYPSAGEMS,Consumer Cyclical,Luxury Goods
M&M,Consumer Cyclical,Auto Manufacturers
M&MFIN,Financial Services,Credit Services
MAANALU,Basic Materials,Aluminum
MADHAV,Industrials,Building Products & Equipment
MADHUCON,Industrials,Engineering & Construction
MADRASFERT,Basic Materials,Agricultural Inputs
MAGADSUGAR,Consumer Defensive,Confectioners
MAGMA,Financial Services,Credit Services
MAGNUM,Basic Materials,Paper & Paper Products
MAHABANK,Financial Services,Banks—Regional
MAHAPEXLTD,Financial Services,Credit Services
MAHASTEEL,Basic Materials,Steel
MAHEPC,Industrials,Farm & Heavy Construction Machinery
MAHESHWARI,Industrials,Integrated Freight & Logistics
MAHINDCIE,Consumer Cyclical,Auto Parts
MAHLIFE,Real Estate,Real Estate—Development
MAHLOG,Industrials,Integrated Freight & Logistics
MAHSCOOTER,Consumer Cyclical,Auto Parts
MAHSEAMLES,Basic Materials,Steel
MAITHANALL,Basic Materials,Steel
MAJESCO,Technology,Information Technology Services
MALUPAPER,Basic Materials,Paper & Paper Products
MANAKALUCO,Basic Materials,Aluminum
MANAKCOAT,Industrials,Metal Fabrication
MANAKSIA,Industrials,Metal Fabrication
MANAKSTEEL,Basic Materials,Steel
MANALIPETC,Basic Materials,Specialty Chemicals
MANAPPURAM,Financial Services,Credit Services
MANGALAM,Healthcare,Drug Manufacturers—Specialty & Generic
MANGCHEFER,Basic Materials,Agricultural Inputs
MANGLMCEM,Basic Materials,Building Materials
MANGTIMBER,Basic Materials,Lumber & Wood Production
MANINDS,Basic Materials,Steel
MANINFRA,Industrials,Engineering & Construction
MANPASAND,Consumer Defensive,Beverages—Non-Alcoholic
MANUGRAPH,Industrials,Specialty Industrial Machinery
MARALOVER,Consumer Cyclical,Textile Manufacturing
MARATHON,Real Estate,Real Estate—Development
MARICO,Consumer Defensive,Household & Personal Products
MARKSANS,Healthcare,Drug Manufacturers—General
MARUTI,Consumer Cyclical,Auto Manufacturers
MASFIN,Financial Services,Credit Services
MASKINVEST,Financial,Investment Brokerage - National
MASTEK,Technology,Information Technology Services
MATRIMONY,Communication Services,Internet Content & Information
MAWANASUG,Consumer Defensive,Confectioners
MAXINDIA,Healthcare,Medical Care Facilities
MAXVIL,Consumer Cyclical,Packaging & Containers
MAYURUNIQ,Consumer Cyclical,Textile Manufacturing
MAZDA,Industrials,Specialty Industrial Machinery
MBAPL,Basic Materials,Agricultural Inputs
MBECL,Industrials,Engineering & Construction
MBLINFRA,Industrials,Engineering & Construction
MCDHOLDING,Financial Services,Capital Markets
MCDOWELL-N,Consumer Defensive,Beverages—Wineries & Distilleries
MCLEODRUSS,Consumer Defensive,Packaged Foods
MCX,Financial Services,Financial Data & Stock Exchanges
MEGASOFT,Technology,Software—Application
MEGH,Basic Materials,Agricultural Inputs
MELSTAR,Technology,Software—Application
MENONBE,Consumer Cyclical,Auto Parts
MEP,Industrials,Infrastructure Operations
MERCATOR,Energy,Thermal Coal
METALFORGE,Industrials,Metal Fabrication
METKORE,Basic Materials,Other Industrial Metals & Mining
METROPOLIS,Healthcare,Diagnostics & Research
MFSL,Financial Services,Insurance—Life
MGL,Utilities,Utilities—Regulated Gas
MHRIL,Consumer Cyclical,Resorts & Casinos
MIC,Technology,Electronic Components
MIDHANI,Basic Materials,Steel
MINDACORP,Consumer Cyclical,Auto Parts
MINDAIND,Consumer Cyclical,Auto Parts
MINDTECK,Technology,Information Technology Services
MINDTREE,Technology,Information Technology Services
MIRCELECTR,Consumer Cyclical,"Furnishings Fixtures & Appliances"
MIRZAINT,Consumer Cyclical,Footwear & Accessories
MITTAL,Consumer Cyclical,Textile Manufacturing
MMFL,Industrials,Metal Fabrication
MMP,Basic Materials,Aluminum
MMTC,Industrials,Conglomerates
MODIRUBBER,Real Estate,Real Estate Services
MOHITIND,Consumer Cyclical,Textile Manufacturing
MOHOTAIND,Consumer Cyclical,Textile Manufacturing
MOIL,Basic Materials,Other Industrial Metals & Mining
MOLDTECH,Industrials,Engineering & Construction
MOLDTKPAC,Consumer Cyclical,Packaging & Containers
MONTECARLO,Consumer Cyclical,Apparel Manufacturing
MORARJEE,Consumer Cyclical,Textile Manufacturing
MOREPENLAB,Healthcare,Drug Manufacturers—Specialty & Generic
MOTHERSUMI,Consumer Cyclical,Auto Parts
MOTILALOFS,Financial Services,Capital Markets
MOTOGENFIN,Real Estate,Real Estate—Diversified
MPHASIS,Technology,Information Technology Services
MPSLTD,Communication Services,Publishing
MRF,Consumer Cyclical,Auto Parts
MRO-TEK,Technology,Communication Equipment
MRPL,Energy,Oil & Gas Refining & Marketing
MSPL,Basic Materials,Steel
MSTCLTD,Industrials,Conglomerates
MTEDUCARE,Consumer Defensive,Education & Training Services
MTNL,Communication Services,Telecom Services
MUKANDENGG,Industrials,Engineering & Construction
MUKANDLTD,Basic Materials,Steel
MUKTAARTS,Communication Services,Entertainment
MUNJALAU,Consumer Cyclical,Auto Parts
MUNJALSHOW,Consumer Cyclical,Auto Parts
MURUDCERA,Industrials,Building Products & Equipment
MUTHOOTCAP,Financial Services,Credit Services
MUTHOOTFIN,Financial Services,Credit Services
NACLIND,Basic Materials,Agricultural Inputs
NAGAFERT,Basic Materials,Agricultural Inputs
NAGREEKCAP,Financial Services,Capital Markets
NAGREEKEXP,Consumer Cyclical,Textile Manufacturing
NAHARCAP,Financial Services,Capital Markets
NAHARINDUS,Consumer Cyclical,Textile Manufacturing
NAHARPOLY,Consumer Cyclical,Packaging & Containers
NAHARSPING,Consumer Cyclical,Textile Manufacturing
NAM-INDIA,Financial Services,Asset Management
NATCOPHARM,Healthcare,Drug Manufacturers—Specialty & Generic
NATHBIOGEN,Basic Materials,Agricultural Inputs
NATIONALUM,Basic Materials,Aluminum
NATNLSTEEL,Basic Materials,Steel
NAUKRI,Communication Services,Internet Content & Information
NAVINFLUOR,Basic Materials,Chemicals
NAVKARCORP,Industrials,Integrated Freight & Logistics
NAVNETEDUL,Communication Services,Publishing
NBCC,Industrials,Engineering & Construction
NBIFIN,Financial Services,Capital Markets
NBVENTURES,Utilities,Utilities—Regulated Electric
NCC,Industrials,Engineering & Construction
NCLIND,Basic Materials,Building Materials
NDGL,Financial Services,Capital Markets
NDL,Consumer Cyclical,Textile Manufacturing
NDTV,Communication Services,Broadcasting
NECCLTD,Industrials,Trucking
NECLIFE,Healthcare,Drug Manufacturers—Specialty & Generic
NELCAST,Industrials,Metal Fabrication
NELCO,Technology,Communication Equipment
NEOGEN,Basic Materials,Specialty Chemicals
NESCO,Industrials,Specialty Business Services
NESTLEIND,Consumer Defensive,Packaged Foods
NETWORK18,Communication Services,Broadcasting
NEULANDLAB,Healthcare,Drug Manufacturers—Specialty & Generic
NEWGEN,Technology,Software—Application
NEXTMEDIA,Communication Services,Publishing
NFL,Basic Materials,Agricultural Inputs
NH,Healthcare,Medical Care Facilities
NHPC,Utilities,Utilities—Renewable
NIACL,Financial Services,Insurance—Diversified
NIBL,Industrials,Tools & Accessories
NIITLTD,Consumer Defensive,Education & Training Services
NIITTECH,Technology,Information Technology Services
NILAINFRA,Real Estate,Real Estate—Development
NILASPACES,Real Estate,Real Estate—Development
NILKAMAL,Consumer Cyclical,"Furnishings Fixtures & Appliances"
NIPPOBATRY,Industrials,Electrical Equipment & Parts
NIRAJISPAT,,
NITCO,Industrials,Building Products & Equipment
NITINFIRE,Industrials,Security & Protection Services
NITINSPIN,Consumer Cyclical,Textile Manufacturing
NKIND,Consumer Defensive,Farm Products
NLCINDIA,Utilities,Utilities—Regulated Electric
NMDC,Basic Materials,Steel
NOCIL,Basic Materials,Chemicals
NOIDATOLL,Industrials,Infrastructure Operations
NORBTEAEXP,Consumer Defensive,Farm Products
NRAIL,Basic Materials,Paper & Paper Products
NRBBEARING,Consumer Cyclical,Auto Parts
NSIL,Financial Services,Asset Management
NTL,Basic Materials,Steel
NTPC,Utilities,Utilities—Independent Power Producers
NUCLEUS,Technology,Software—Application
NXTDIGITAL,Communication Services,Entertainment
OAL,Basic Materials,Chemicals
OBEROIRLTY,Real Estate,Real Estate—Development
OCCL,Basic Materials,Chemicals
OFSS,Technology,Software—Infrastructure
OIL,Energy,Oil & Gas E&P
OILCOUNTUB,Energy,Oil & Gas Equipment & Services
OISL,Basic Materials,Steel
OLECTRA,Consumer Cyclical,Auto Parts
OMAXAUTO,Consumer Cyclical,Auto Parts
OMAXE,Real Estate,Real Estate—Development
OMKARCHEM,Basic Materials,Specialty Chemicals
OMMETALS,Industrials,Engineering & Construction
ONELIFECAP,Financial Services,Capital Markets
ONEPOINT,Industrials,Specialty Business Services
ONGC,Energy,Oil & Gas Integrated
ONMOBILE,Communication Services,Telecom Services
ONWARDTEC,Industrials,Engineering & Construction
OPTIEMUS,Technology,Electronics & Computer Distribution
OPTOCIRCUI,Healthcare,Medical Devices
ORBTEXP,Consumer Cyclical,Textile Manufacturing
ORICONENT,Consumer Cyclical,Packaging & Containers
ORIENTABRA,Basic Materials,Specialty Chemicals
ORIENTALTL,Industrials,Building Products & Equipment
ORIENTBELL,Industrials,Building Products & Equipment
ORIENTCEM,Basic Materials,Building Materials
ORIENTELEC,Consumer Cyclical,"Furnishings Fixtures & Appliances"
ORIENTHOT,Consumer Cyclical,Lodging
ORIENTLTD,Consumer Cyclical,Packaging & Containers
ORIENTPPR,Basic Materials,Paper & Paper Products
ORIENTREF,Industrials,Metal Fabrication
ORISSAMINE,Basic Materials,Other Industrial Metals & Mining
ORTEL,Communication Services,Entertainment
ORTINLABSS,Healthcare,Drug Manufacturers—Specialty & Generic
OSWALAGRO,Real Estate,Real Estate—Development
PAEL,Industrials,Electrical Equipment & Parts
PAGEIND,Consumer Cyclical,Apparel Manufacturing
PAISALO,Financial Services,Credit Services
PALASHSECU,Consumer Defensive,Packaged Foods
PALREDTEC,Technology,Information Technology Services
PANACEABIO,Healthcare,Biotechnology
PANACHE,Technology,Communication Equipment
PANAMAPET,Energy,Oil & Gas Refining & Marketing
PAPERPROD,Consumer Cyclical,Packaging & Containers
PARABDRUGS,Healthcare,Drug Manufacturers—Specialty & Generic
PARACABLES,Technology,Communication Equipment
PARAGMILK,Consumer Defensive,Packaged Foods
PARSVNATH,Real Estate,Real Estate—Diversified
PATELENG,Industrials,Engineering & Construction
PATINTLOG,Industrials,Integrated Freight & Logistics
PATSPINLTD,Consumer Cyclical,Textile Manufacturing
PCJEWELLER,Consumer Cyclical,Luxury Goods
PDMJEPAPER,Basic Materials,Paper & Paper Products
PDSMFL,Industrials,Specialty Business Services
PEARLPOLY,Consumer Cyclical,Packaging & Containers
PEL,Healthcare,Drug Manufacturers—General
PENIND,Industrials,Specialty Industrial Machinery
PENINLAND,Real Estate,Real Estate—Development
PERSISTENT,Technology,Software—Infrastructure
PETRONET,Energy,Oil & Gas Refining & Marketing
PFC,Financial Services,Credit Services
PFIZER,Healthcare,Drug Manufacturers—General
PFOCUS,Communication Services,Entertainment
PFS,Financial Services,Credit Services
PGEL,Technology,Electronic Components
PGHH,Consumer Defensive,Household & Personal Products
PGHL,Healthcare,Drug Manufacturers—Specialty & Generic
PGIL,Consumer Cyclical,Apparel Manufacturing
PHILIPCARB,Basic Materials,Specialty Chemicals
PHOENIXLTD,Real Estate,Real Estate—Diversified
PIDILITIND,Basic Materials,Specialty Chemicals
PIIND,Basic Materials,Agricultural Inputs
PILANIINVS,Financial Services,Asset Management
PILITA,Consumer Cyclical,"Furnishings Fixtures & Appliances"
PIONDIST,Consumer Defensive,Beverages—Wineries & Distilleries
PIONEEREMB,Consumer Cyclical,Textile Manufacturing
PITTIENG,Industrials,Metal Fabrication
PKTEA,Consumer Defensive,Farm Products
PLASTIBLEN,Basic Materials,Specialty Chemicals
PNB,Financial Services,Banks—Regional
PNBGILTS,Financial Services,Capital Markets
PNBHOUSING,Financial Services,Mortgage Finance
PNC,Communication Services,Entertainment
PNCINFRA,Industrials,Engineering & Construction
PODDARHOUS,Real Estate,Real Estate—Diversified
PODDARMENT,Basic Materials,Specialty Chemicals
POKARNA,Industrials,Building Products & Equipment
POLYCAB,Industrials,Electrical Equipment & Parts
POLYMED,Healthcare,Medical Instruments & Supplies
POLYPLEX,Basic Materials,Specialty Chemicals
PONNIERODE,Consumer Defensive,Confectioners
POWERGRID,Utilities,Utilities—Regulated Electric
POWERINDIA,Technology,Electronic Components
POWERMECH,Industrials,Engineering & Construction
PPAP,Consumer Cyclical,Auto Parts
PPL,Consumer Cyclical,Auto Parts
PRABHAT,Consumer Defensive,Packaged Foods
PRADIP,Consumer Cyclical,Textile Manufacturing
PRAENG,Real Estate,Real Estate—Development
PRAJIND,Industrials,Engineering & Construction
PRAKASH,Basic Materials,Steel
PRAKASHSTL,Basic Materials,Steel
PRAXIS,Consumer Cyclical,Specialty Retail
PRECAM,Consumer Cyclical,Auto Parts
PRECOT,Consumer Cyclical,Textile Manufacturing
PRECWIRE,Basic Materials,Copper
PREMEXPLN,Basic Materials,Specialty Chemicals
PREMIER,Industrials,Specialty Industrial Machinery
PREMIERPOL,Basic Materials,Specialty Chemicals
PRESSMN,Communication Services,Advertising Agencies
PRESTIGE,Real Estate,Real Estate—Diversified
PRICOLLTD,Consumer Cyclical,Auto Parts
PRIMESECU,Financial Services,Capital Markets
PRINCEPIPE,Basic Materials,Specialty Chemicals
PROSEED,Basic Materials,Agricultural Inputs
PROZONINTU,Real Estate,Real Estate—Diversified
PRSMJOHNSN,Basic Materials,Building Materials
PSB,Financial Services,Banks—Regional
PSL,Industrials,Metal Fabrication
PSPPROJECT,Industrials,Engineering & Construction
PTC,Utilities,Utilities—Independent Power Producers
PTL,Real Estate,Real Estate Services
PUNJABCHEM,Basic Materials,Chemicals
PUNJLLOYD,Industrials,Engineering & Construction
PURVA,Industrials,Engineering & Construction
PVR,Communication Services,Entertainment
QUESS,Industrials,Staffing & Employment Services
QUICKHEAL,Technology,Software—Application
RADAAN,Communication Services,Entertainment
RADICO,Consumer Defensive,Beverages—Wineries & Distilleries
RADIOCITY,Communication Services,Broadcasting
RAIN,Basic Materials,Chemicals
RAJESHEXPO,Consumer Cyclical,Luxury Goods
RAJRAYON,Consumer Cyclical,Textile Manufacturing
RAJSREESUG,Consumer Defensive,Confectioners
RAJTV,Communication Services,Broadcasting
RALLIS,Basic Materials,Agricultural Inputs
RAMANEWS,Basic Materials,Paper & Paper Products
RAMASTEEL,Basic Materials,Steel
RAMCOCEM,Basic Materials,Building Materials
RAMCOIND,Industrials,Building Products & Equipment
RAMCOSYS,Technology,Software—Application
RAMKY,Industrials,Engineering & Construction
RAMSARUP,Basic Materials,Steel
RANASUG,Consumer Defensive,Confectioners
RANEENGINE,Consumer Cyclical,Auto Parts
RANEHOLDIN,Consumer Cyclical,Auto Parts
RATNAMANI,Basic Materials,Steel
RAYMOND,Consumer Cyclical,Textile Manufacturing
RBL,Consumer Cyclical,Auto Parts
RBLBANK,Financial Services,Banks—Regional
RCF,Basic Materials,Agricultural Inputs
RCOM,Communication Services,Telecom Services
RECLTD,Financial Services,Credit Services
REDINGTON,Technology,Information Technology Services
REFEX,Basic Materials,Chemicals
RELAXO,Consumer Cyclical,Footwear & Accessories
RELCAPITAL,Financial Services,Financial Conglomerates
RELIANCE,Energy,Oil & Gas Refining & Marketing
RELIGARE,Financial Services,Capital Markets
RELINFRA,Utilities,Utilities—Regulated Electric
REMSONSIND,Consumer Cyclical,Auto Parts
RENUKA,Consumer Defensive,Confectioners
REPCOHOME,Financial Services,Mortgage Finance
REPRO,Industrials,Specialty Business Services
RESPONIND,Basic Materials,Specialty Chemicals
REVATHI,Industrials,Farm & Heavy Construction Machinery
RGL,Consumer Cyclical,Luxury Goods
RHFL,Financial Services,Mortgage Finance
RICOAUTO,Consumer Cyclical,Auto Parts
RIIL,Industrials,Engineering & Construction
RITES,Industrials,Engineering & Construction
RKDL,Consumer Defensive,Beverages—Wineries & Distilleries
RKFORGE,Industrials,Tools & Accessories
RMCL,Consumer Cyclical,Packaging & Containers
RML,Consumer Cyclical,Auto Parts
RNAVAL,Industrials,Aerospace & Defense
ROHITFERRO,Basic Materials,Steel
ROHLTD,Consumer Cyclical,Lodging
ROLLT,Industrials,Conglomerates
ROLTA,Technology,Information Technology Services
ROSSELLIND,Consumer Defensive,Packaged Foods
RPGLIFE,Healthcare,Drug Manufacturers—Specialty & Generic
RPOWER,Utilities,Utilities—Independent Power Producers
RPPINFRA,Industrials,Engineering & Construction
RSSOFTWARE,Technology,Software—Infrastructure
RSWM,Consumer Cyclical,Textile Manufacturing
RSYSTEMS,Technology,Information Technology Services
RTNINFRA,Utilities,Utilities—Independent Power Producers
RTNPOWER,Utilities,Utilities—Renewable
RUBYMILLS,Consumer Cyclical,Textile Manufacturing
RUCHI,,
RUCHINFRA,Consumer Defensive,Farm Products
RUCHIRA,Basic Materials,Paper & Paper Products
RUPA,Consumer Cyclical,Apparel Manufacturing
RUSHIL,Consumer Cyclical,"Furnishings Fixtures & Appliances"
RVNL,Industrials,Engineering & Construction
S&SPOWER,Industrials,Electrical Equipment & Parts
SABEVENTS,Communication Services,Publishing
SABTN,Communication Services,Broadcasting
SADBHAV,Industrials,Engineering & Construction
SADBHIN,Industrials,Engineering & Construction
SAFARI,Consumer Cyclical,Footwear & Accessories
SAGARDEEP,Basic Materials,Copper
SAGCEM,Basic Materials,Building Materials
SAIL,Basic Materials,Steel
SAKAR,Healthcare,Drug Manufacturers—Specialty & Generic
SAKHTISUG,Consumer Defensive,Confectioners
SAKSOFT,Technology,Information Technology Services
SAKUMA,Consumer Defensive,Farm Products
SALASAR,Basic Materials,Steel
SALONA,Consumer Cyclical,Textile Manufacturing
SALSTEEL,Basic Materials,Steel
SALZERELEC,Industrials,Electrical Equipment & Parts
SAMBHAAV,Communication Services,Publishing
SANCO,Industrials,Electrical Equipment & Parts
SANDESH,Communication Services,Publishing
SANDHAR,Consumer Cyclical,Auto Parts
SANGAMIND,Consumer Cyclical,Textile Manufacturing
SANGHIIND,Basic Materials,Building Materials
SANGHVIFOR,Industrials,Metal Fabrication
SANGHVIMOV,Industrials,Farm & Heavy Construction Machinery
SANGINITA,Basic Materials,Chemicals
SANOFI,Healthcare,Drug Manufacturers—General
SANWARIA,Consumer Defensive,Farm Products
SARDAEN,Basic Materials,Steel
SAREGAMA,Communication Services,Entertainment
SARLAPOLY,Consumer Cyclical,Textile Manufacturing
SASKEN,Technology,Software—Application
SASTASUNDR,Consumer Cyclical,Specialty Retail
SATHAISPAT,Basic Materials,Steel
SATIA,Basic Materials,Paper & Paper Products
SATIN,Financial Services,Credit Services
SBICARD,Financial Services,Credit Services
SBILIFE,Financial Services,Insurance—Life
SBIN,Financial Services,Banks—Regional
SCAPDVR,Financial Services,Capital Markets
SCHAEFFLER,Industrials,Specialty Industrial Machinery
SCHAND,Communication Services,Publishing
SCHNEIDER,Industrials,Specialty Industrial Machinery
SCI,Industrials,Marine Shipping
SDBL,Consumer Defensive,Beverages—Brewers
SEAMECLTD,Industrials,Marine Shipping
SELAN,Energy,Oil & Gas E&P
SELMCL,Consumer Cyclical,Apparel Manufacturing
SEPOWER,Basic Materials,Specialty Chemicals
SEQUENT,Healthcare,Biotechnology
SESHAPAPER,Basic Materials,Paper & Paper Products
SETCO,Consumer Cyclical,Auto Parts
SETUINFRA,Industrials,Engineering & Construction
SEYAIND,Basic Materials,Specialty Chemicals
SEZAL,Industrials,Building Products & Equipment
SFL,Consumer Cyclical,"Furnishings Fixtures & Appliances"
SGL,Consumer Cyclical,Textile Manufacturing
SHAHALLOYS,Basic Materials,Steel
SHAKTIPUMP,Industrials,Specialty Industrial Machinery
SHALBY,Healthcare,Medical Care Facilities
SHALPAINTS,Basic Materials,Specialty Chemicals
SHANKARA,Consumer Cyclical,Home Improvement Retail
SHANTIGEAR,Industrials,Specialty Industrial Machinery
SHARDACROP,Basic Materials,Agricultural Inputs
SHARDAMOTR,Consumer Cyclical,Auto Parts
SHEMAROO,Communication Services,Entertainment
SHIL,Consumer Cyclical,"Furnishings Fixtures & Appliances"
SHILPAMED,Healthcare,Drug Manufacturers—Specialty & Generic
SHIRPUR-G,Basic Materials,Gold
SHIVAMAUTO,Consumer Cyclical,Auto Parts
SHIVAMILLS,Consumer Cyclical,Textile Manufacturing
SHIVATEX,Consumer Cyclical,Textile Manufacturing
SHK,Consumer Defensive,Household & Personal Products
SHOPERSTOP,Consumer Cyclical,Department Stores
SHREDIGCEM,Basic Materials,Building Materials
SHREECEM,Basic Materials,Building Materials
SHREEPUSHK,Basic Materials,Specialty Chemicals
SHREERAMA,Consumer Cyclical,Packaging & Containers
SHRENIK,Basic Materials,Paper & Paper Products
SHREYANIND,Basic Materials,Paper & Paper Products
SHREYAS,Industrials,Marine Shipping
SHRIPISTON,Consumer Cyclical,Auto Parts
SHRIRAMCIT,Financial Services,Credit Services
SHRIRAMEPC,Industrials,Engineering & Construction
SHYAMCENT,Basic Materials,Steel
SHYAMTEL,Technology,Communication Equipment
SICAGEN,Basic Materials,Building Materials
SICAL,Industrials,Integrated Freight & Logistics
SIEMENS,Industrials,Specialty Industrial Machinery
SIGIND,Basic Materials,Specialty Chemicals
SIL,Consumer Cyclical,Textile Manufacturing
SILINV,Financial Services,Asset Management
SIMBHALS,Consumer Defensive,Confectioners
SIMPLEXINF,Industrials,Engineering & Construction
SINTEX,Consumer Cyclical,Textile Manufacturing
SIRCA,Basic Materials,Specialty Chemicals
SIS,Industrials,Security & Protection Services
SITINET,Communication Services,Entertainment
SIYSIL,Consumer Cyclical,Textile Manufacturing
SJVN,Utilities,Utilities—Renewable
SKFINDIA,Industrials,Specialty Industrial Machinery
SKIL,Industrials,Engineering & Construction
SKIPPER,Industrials,Engineering & Construction
SKMEGGPROD,Consumer Defensive,Packaged Foods
SMARTLINK,Technology,Communication Equipment
SMLISUZU,Consumer Cyclical,Auto Manufacturers
SMPL,Basic Materials,Steel
SMSLIFE,Healthcare,Biotechnology
SMSPHARMA,Healthcare,Drug Manufacturers—General
SNOWMAN,Industrials,Integrated Freight & Logistics
SOBHA,Real Estate,Real Estate—Development
SOLARA,Healthcare,Drug Manufacturers—Specialty & Generic
SOLARINDS,Basic Materials,Specialty Chemicals
SOMANYCERA,Industrials,Building Products & Equipment
SOMATEX,Consumer Cyclical,Textile Manufacturing
SOMICONVEY,Industrials,Specialty Industrial Machinery
SONATSOFTW,Technology,Information Technology Services
SORILINFRA,Industrials,Infrastructure Operations
SOTL,Basic Materials,Specialty Chemicals
SOUTHBANK,Financial Services,Banks—Regional
SOUTHWEST,Energy,Oil & Gas Equipment & Services
SPAL,Consumer Cyclical,Textile Manufacturing
SPANDANA,Financial Services,Credit Services
SPARC,Healthcare,Drug Manufacturers—Specialty & Generic
SPCENET,Financial Services,Capital Markets
SPECIALITY,Consumer Cyclical,Restaurants
SPENCERS,Consumer Cyclical,Department Stores
SPENTEX,Consumer Cyclical,Textile Manufacturing
SPIC,Basic Materials,Agricultural Inputs
SPICEJET,Industrials,Airlines
SPLIL,Consumer Cyclical,Apparel Manufacturing
SPMLINFRA,Industrials,Engineering & Construction
SPTL,Consumer Cyclical,Auto Parts
SPYL,Consumer Cyclical,Textile Manufacturing
SREEL,Consumer Cyclical,Footwear & Accessories
SREINFRA,Financial Services,Credit Services
SRF,Basic Materials,Chemicals
SRHHYPOLTD,Basic Materials,Chemicals
SRIPIPES,Industrials,Metal Fabrication
SRTRANSFIN,Financial Services,Credit Services
SSWL,Consumer Cyclical,Auto Parts
STAMPEDE,Financial Services,Capital Markets
STAR,Healthcare,Drug Manufacturers—Specialty & Generic
STARCEMENT,Basic Materials,Building Materials
STARPAPER,Basic Materials,Paper & Paper Products
STCINDIA,Industrials,Conglomerates
STEELCITY,Financial Services,Capital Markets
STEELXIND,Basic Materials,Steel
STEL,Consumer Defensive,Farm Products
STERTOOLS,Industrials,Tools & Accessories
STINDIA,Consumer Cyclical,Textile Manufacturing
STRTECH,Technology,Communication Equipment
SUBCAPCITY,,
SUBEX,Technology,Software—Application
SUBROS,Consumer Cyclical,Auto Parts
SUDARSCHEM,Basic Materials,Specialty Chemicals
SUJANAUNI,Basic Materials,Steel
SUMEETINDS,Consumer Cyclical,Textile Manufacturing
SUMICHEM,Basic Materials,Specialty Chemicals
SUMIT,Real Estate,Real Estate—Development
SUMMITSEC,Financial Services,Capital Markets
SUNCLAYLTD,Consumer Cyclical,Auto Parts
SUNDARAM,Basic Materials,Paper & Paper Products
SUNDARMFIN,Financial Services,Credit Services
SUNDARMHLD,Financial Services,Credit Services
SUNDRMBRAK,Consumer Cyclical,Auto Parts
SUNDRMFAST,Consumer Cyclical,Auto Parts
SUNFLAG,Basic Materials,Steel
SUNPHARMA,Healthcare,Drug Manufacturers—Specialty & Generic
SUNTECK,Real Estate,Real Estate—Development
SUNTV,Communication Services,Broadcasting
SUPERHOUSE,Consumer Cyclical,Footwear & Accessories
SUPERSPIN,Consumer Cyclical,Textile Manufacturing
SUPPETRO,Basic Materials,Chemicals
SUPRAJIT,Consumer Cyclical,Auto Parts
SUPREMEIND,Consumer Cyclical,Packaging & Containers
SUPREMEINF,Industrials,Engineering & Construction
SURANASOL,Technology,Solar
SURANAT&P,Utilities,Utilities—Independent Power Producers
SURYALAXMI,Consumer Cyclical,Textile Manufacturing
SURYAROSNI,Basic Materials,Steel
SUTLEJTEX,Consumer Cyclical,Textile Manufacturing
SUVEN,Healthcare,Drug Manufacturers—Specialty & Generic
SUVENPHAR,Healthcare,Biotechnology
SUZLON,Industrials,Specialty Industrial Machinery
SWANENERGY,Consumer Cyclical,Textile Manufacturing
SWARAJENG,Consumer Cyclical,Auto Parts
SWELECTES,Technology,Solar
SWSOLAR,Technology,Solar
SYMPHONY,Consumer Cyclical,"Furnishings Fixtures & Appliances"
SYNCOM,Healthcare,Drug Manufacturers—Specialty & Generic
SYNGENE,Healthcare,Biotechnology
TAINWALCHM,Basic Materials,Specialty Chemicals
TAJGVK,Consumer Cyclical,Lodging
TAKE,Healthcare,Biotechnology
TALBROAUTO,Consumer Cyclical,Auto Parts
TALWALKARS,Consumer Cyclical,Leisure
TALWGYM,Consumer Cyclical,Leisure
TANLA,Technology,Software—Application
TANTIACONS,Industrials,Engineering & Construction
TARMAT,Industrials,Engineering & Construction
TASTYBITE,Consumer Defensive,Packaged Foods
TATACHEM,Basic Materials,Chemicals
TATACOFFEE,Consumer Defensive,Packaged Foods
TATACOMM,Communication Services,Telecom Services
TATACONSUM,Consumer Defensive,Packaged Foods
TATAELXSI,Technology,Software—Application
TATAINVEST,Financial Services,Capital Markets
TATAMETALI,Basic Materials,Steel
TATAMOTORS,Consumer Cyclical,Auto Manufacturers
TATAMTRDVR,Consumer Cyclical,Auto Manufacturers
TATAPOWER,Utilities,Utilities—Independent Power Producers
TATASTEEL,Basic Materials,Steel
TATASTLBSL,Basic Materials,Steel
TATASTLLP,Basic Materials,Steel
TBZ,Consumer Cyclical,Luxury Goods
TCI,Industrials,Integrated Freight & Logistics
TCIDEVELOP,Real Estate,Real Estate Services
TCIEXP,Industrials,Integrated Freight & Logistics
TCIFINANCE,Financial Services,Credit Services
TCNSBRANDS,Consumer Cyclical,Apparel Manufacturing
TCPLPACK,Consumer Cyclical,Packaging & Containers
TCS,Technology,Information Technology Services
TDPOWERSYS,Industrials,Specialty Industrial Machinery
TEAMLEASE,Industrials,Staffing & Employment Services
TECHIN,Real Estate,Real Estate—Development
TECHM,Technology,Information Technology Services
TECHNOE,Industrials,Engineering & Construction
TECHNOFAB,Industrials,Engineering & Construction
TEJASNET,Technology,Communication Equipment
TERASOFT,Technology,Information Technology Services
TEXINFRA,Real Estate,Real Estate Services
TEXMOPIPES,Industrials,Building Products & Equipment
TEXRAIL,Industrials,Specialty Industrial Machinery
TFCILTD,Financial Services,Credit Services
TFL,Financial Services,Mortgage Finance
TGBHOTELS,Consumer Cyclical,Lodging
THANGAMAYL,Consumer Cyclical,Luxury Goods
THEINVEST,Financial Services,Capital Markets
THEMISMED,Healthcare,Drug Manufacturers—Specialty & Generic
THERMAX,Industrials,Specialty Industrial Machinery
THIRUSUGAR,Consumer Defensive,Confectioners
THOMASCOOK,Consumer Cyclical,Travel Services
THOMASCOTT,Consumer Cyclical,Apparel Manufacturing
THYROCARE,Healthcare,Diagnostics & Research
TI,Consumer Defensive,Beverages—Wineries & Distilleries
TIDEWATER,Basic Materials,Specialty Chemicals
TIIL,Industrials,Tools & Accessories
TIINDIA,Consumer Cyclical,Auto Parts
TIJARIA,Industrials,Building Products & Equipment
TIL,Industrials,Specialty Industrial Machinery
TIMESGTY,Financial Services,Asset Management
TIMETECHNO,Consumer Cyclical,Packaging & Containers
TIMKEN,Industrials,Specialty Industrial Machinery
TINPLATE,Basic Materials,Steel
TIPSINDLTD,Communication Services,Entertainment
TIRUMALCHM,Basic Materials,Specialty Chemicals
TITAN,Consumer Cyclical,Luxury Goods
TMRVL,Consumer Cyclical,Apparel Retail
TNPETRO,Basic Materials,Specialty Chemicals
TNPL,Basic Materials,Paper & Paper Products
TNTELE,Technology,Communication Equipment
TOKYOPLAST,Consumer Cyclical,Packaging & Containers
TORNTPHARM,Healthcare,Drug Manufacturers—General
TORNTPOWER,Utilities,Utilities—Renewable
TOUCHWOOD,Communication Services,Advertising Agencies
TPLPLASTEH,,
TREEHOUSE,Consumer Defensive,Education & Training Services
TREJHARA,Technology,Software—Application
TRENT,Consumer Cyclical,Apparel Retail
TRF,Industrials,Specialty Industrial Machinery
TRIDENT,Consumer Cyclical,Textile Manufacturing
TRIGYN,Technology,Information Technology Services
TRIL,Industrials,Electrical Equipment & Parts
TRITURBINE,Industrials,Specialty Industrial Machinery
TRIVENI,Consumer Defensive,Confectioners
TTKHLTCARE,Healthcare,Drug Manufacturers—General
TTKPRESTIG,Consumer Cyclical,"Furnishings Fixtures & Appliances"
TTL,Consumer Cyclical,Textile Manufacturing
TTML,Communication Services,Telecom Services
TV18BRDCST,Communication Services,Broadcasting
TVSELECT,Technology,Computer Hardware
TVSMOTOR,Consumer Cyclical,Auto Manufacturers
TVSSRICHAK,Consumer Cyclical,Auto Parts
TVTODAY,Communication Services,Broadcasting
TVVISION,Communication Services,Broadcasting
TWL,Industrials,Railroads
UBL,Consumer Defensive,Beverages—Brewers
UCALFUEL,Consumer Cyclical,Auto Parts
UCOBANK,Financial Services,Banks—Regional
UFLEX,Consumer Cyclical,Packaging & Containers
UFO,Communication Services,Entertainment
UGARSUGAR,Consumer Defensive,Confectioners
UJAAS,Technology,Solar
UJJIVAN,Financial Services,Credit Services
UJJIVANSFB,Financial Services,Banks—Regional
ULTRACEMCO,Basic Materials,Building Materials
UMANGDAIRY,Consumer Defensive,Packaged Foods
UMESLTD,Consumer Defensive,Education & Training Services
UNICHEMLAB,Healthcare,Drug Manufacturers—Specialty & Generic
UNIENTER,Basic Materials,Chemicals
UNIONBANK,Financial Services,Banks—Regional
UNIPLY,Basic Materials,Lumber & Wood Production
UNITECH,Real Estate,Real Estate—Diversified
UNITEDTEA,Consumer Defensive,Farm Products
UNITY,Industrials,Engineering & Construction
UNIVCABLES,Industrials,Electrical Equipment & Parts
UNIVPHOTO,Healthcare,Medical Devices
UPL,Basic Materials,Agricultural Inputs
URJA,Technology,Solar
USHAMART,Basic Materials,Steel
UTTAMSTL,Basic Materials,Steel
UTTAMSUGAR,Consumer Defensive,Confectioners
UVSL,Basic Materials,Steel
V2RETAIL,Consumer Cyclical,Apparel Retail
VADILALIND,Consumer Defensive,Packaged Foods
VAIBHAVGBL,Consumer Cyclical,Luxury Goods
VAISHALI,Healthcare,Drug Manufacturers—Specialty & Generic
VAKRANGEE,Technology,Software—Application
VARDHACRLC,Consumer Cyclical,Textile Manufacturing
VARDMNPOLY,Consumer Cyclical,Textile Manufacturing
VARROC,Consumer Cyclical,Auto Parts
VASCONEQ,Industrials,Engineering & Construction
VASWANI,Basic Materials,Steel
VBL,Consumer Defensive,Beverages—Non-Alcoholic
VEDL,Basic Materials,Other Industrial Metals & Mining
VENKEYS,Consumer Defensive,Farm Products
VENUSREM,Healthcare,Drug Manufacturers—Specialty & Generic
VERTOZ,Communication Services,Advertising Agencies
VESUVIUS,Industrials,Specialty Industrial Machinery
VETO,Industrials,Electrical Equipment & Parts
VGUARD,Industrials,Electrical Equipment & Parts
VHL,Financial Services,Credit Services
VICEROY,Consumer Cyclical,Lodging
VIDEOIND,Consumer Cyclical,"Furnishings Fixtures & Appliances"
VIDHIING,Basic Materials,Specialty Chemicals
VIJIFIN,Financial Services,Credit Services
VIKASECO,Basic Materials,Specialty Chemicals
VIKASMCORP,Basic Materials,Specialty Chemicals
VIKASPROP,Basic Materials,Agricultural Inputs
VIKASWSP,Basic Materials,Specialty Chemicals
VIMTALABS,Healthcare,Diagnostics & Research
VINATIORGA,Basic Materials,Specialty Chemicals
VINDHYATEL,Industrials,Engineering & Construction
VINYLINDIA,Basic Materials,Specialty Chemicals
VIPCLOTHNG,Consumer Cyclical,Apparel Manufacturing
VIPIND,Consumer Cyclical,Footwear & Accessories
VIPULLTD,Real Estate,Real Estate—Diversified
VISAKAIND,Industrials,Building Products & Equipment
VISASTEEL,Basic Materials,Steel
VISHAL,Consumer Cyclical,Textile Manufacturing
VISHNU,Basic Materials,Specialty Chemicals
VISHWARAJ,Consumer Defensive,Confectioners
VIVIDHA,Consumer Cyclical,Textile Manufacturing
VIVIMEDLAB,Basic Materials,Specialty Chemicals
VLSFINANCE,Financial Services,Capital Markets
VMART,Consumer Cyclical,Department Stores
VOLTAMP,Industrials,Electrical Equipment & Parts
VOLTAS,Industrials,Specialty Industrial Machinery
VRLLOG,Industrials,Trucking
VSSL,Basic Materials,Steel
VSTIND,Consumer Defensive,Tobacco
VSTTILLERS,Industrials,Farm & Heavy Construction Machinery
VTL,Consumer Cyclical,Textile Manufacturing
WABAG,Industrials,Waste Management
WABCOINDIA,Consumer Cyclical,Auto Parts
WALCHANNAG,Industrials,Engineering & Construction
WANBURY,Healthcare,Drug Manufacturers—Specialty & Generic
WATERBASE,Consumer Defensive,Packaged Foods
WEBELSOLAR,Technology,Solar
WEIZMANIND,Consumer Cyclical,Textile Manufacturing
WELCORP,Basic Materials,Steel
WELENT,Industrials,Engineering & Construction
WELINV,Consumer Cyclical,Textile Manufacturing
WELSPUNIND,Consumer Cyclical,Textile Manufacturing
WENDT,Industrials,Tools & Accessories
WESTLIFE,Consumer Cyclical,Restaurants
WHEELS,Consumer Cyclical,Auto Parts
WHIRLPOOL,Technology,Consumer Electronics
WILLAMAGOR,Financial Services,Credit Services
WINDMACHIN,Industrials,Specialty Industrial Machinery
WINSOME,Consumer Cyclical,Textile Manufacturing
WIPL,Basic Materials,Lumber & Wood Production
WIPRO,Technology,Information Technology Services
WOCKPHARMA,Healthcare,Drug Manufacturers—Specialty & Generic
WONDERLA,Consumer Cyclical,Leisure
WSI,Industrials,Electrical Equipment & Parts
WSTCSTPAPR,Basic Materials,Paper & Paper Products
XCHANGING,Technology,Information Technology Services
XELPMOC,Technology,Information Technology Services
XPROINDIA,Basic Materials,Specialty Chemicals
YESBANK,Financial Services,Banks—Regional
ZEEL,Communication Services,Broadcasting
ZEELEARN,Consumer Defensive,Education & Training Services
ZEEMEDIA,Communication Services,Broadcasting
ZENITHBIR,Basic Materials,Steel
ZENITHEXPO,Consumer Cyclical,Textile Manufacturing
ZENSARTECH,Technology,Information Technology Services
ZENTEC,Industrials,Aerospace & Defense
ZICOM,Industrials,Security & Protection Services
ZODIACLOTH,Consumer Cyclical,Apparel Manufacturing
ZODJRDMKJ,Consumer Cyclical,Luxury Goods
ZOTA,Healthcare,Biotechnology
ZUARI,Basic Materials,Agricultural Inputs
ZUARIGLOB,Industrials,Conglomerates
ZYDUSWELL,Consumer Defensive,Packaged Foods
